Gene,Inheritance
AARS1,AD
AARS2,AR
ABAT,AR
ABCA3,AR
ABCA4,AR
ABCB4,AR
ABCB6,AD
ABCB6,AD
ABCB7,XL
ABCC8,SD
ABCC9,AD
ABCD1,XL
ABCD3,AR
ABCD4,AR
ABCG5,AR
ABCG8,AR
ABHD12,AR
ABHD5,AR
ACAD8,AR
ACAD9,AR
ACADM,AR
ACADS,AR
ACADSB,AR
ACADVL,AR
ACAT1,AR
ACAT2,UD
ACD,SD
ACO2,AD
ACO2,AR
ACOX1,AD
ACOX1,AR
ACSF3,AR
ACSL4,XL
ACTA1,AR
ACTA1,AD
ACTB,AD
ACTC1,AD
ACTC1,AD
ACTC1,AD
ACTG1,AD
ACTG1,AD
ACTL6A,AD
ACTN1,AD
ACVR1,AD
ACVR1,AD
ACY1,AR
ADA,AR
ADA2,AR
ADAM17,AD
ADAM9,AR
ADAMTS13,AR
ADAMTS18,AR
ADAMTS19,AR
ADAMTS9,AR
ADAR,AR
ADAR,AR
ADAR,AD
ADCY1,AR
ADD3,AR
ADGRV1,AR
ADGRV1,AR
ADK,AR
ADNP,AD
ADRA2B,AD
ADSL,AR
AFF2,XL
AFG2A,AR
AFG2B,AR
AFG3L2,SD
AGA,AR
AGK,AR
AGL,AR
AGO2,AD
AGPAT2,AR
AGTR2,XL
AGXT,AR
AHDC1,AD
AHI1,AR
AIFM1,XL
AIRE,AR
AK2,AR
AK7,AR
AK7,AR
AKAP9,AD
AKR1D1,AR
AKT3,AD
AKT3,AD
ALAS2,XL
ALDH18A1,SD
ALDH5A1,AR
ALG1,AR
ALG11,AR
ALG12,AR
ALG14,AR
ALG2,AR
ALG3,AR
ALG6,AR
ALG6,AD
ALG9,AD
ALPK3,AR
ALPL,AD
ALPL,AR
ALPL,AD
ALPL,AR
ALS2,AR
ALX1,AR
ALX3,AR
AMACR,AR
AMER1,XL
ANAPC1,AR
ANG,AD
ANGPT1,AD
ANGPTL3,AR
ANK1,AR
ANK1,AD
ANK2,AD
ANK2,AD
ANK2,AD
ANKRD1,AD
ANKRD1,AD
ANKRD1,AD
ANKRD11,AD
ANKRD26,AD
ANKS6,AR
ANO10,AR
ANO6,AR
ANOS1,XL
ANTXR2,AR
ANXA11,AD
AP1B1,AR
AP1G1,AD
AP1G1,AR
AP1S1,AR
AP1S2,XL
AP2M1,AD
AP3B1,AR
AP4B1,AR
AP4M1,AR
AP4S1,AR
AP5Z1,AR
APC,AD
APC,AD
APC2,AR
APOB,SD
APOL1,AR
APOLD1,AD
APPL1,AD
AQP1,AD
AR,XL
ARF1,AD
ARHGEF1,AR
ARHGEF10,AD
ARHGEF18,AR
ARHGEF28,SD
ARID1A,AD
ARID1B,AD
ARID2,AD
ARL13B,AR
ARL6IP1,AR
ARMC2,AR
ARMC9,AR
ARPC1B,AR
ARSA,AR
ARSB,AR
ARX,XL
ASAH1,AR
ASB10,AD
ASH1L,AD
ASPA,AR
ASXL1,AD
ASXL2,AD
ASXL3,AD
ATE1,AR
ATF6,AR
ATG5,AR
ATG7,AR
ATL1,AD
ATL3,AD
ATM,AR
ATP13A2,AR
ATP13A3,SD
ATP1A1,AD
ATP1A3,AD
ATP5MK,AR
ATP6AP2,XL
ATP6V0A2,AR
ATP6V1A,AR
ATP6V1B1,AR
ATP6V1E1,AR
ATP7A,XL
ATP7A,XL
ATP7B,AR
ATPAF2,AR
ATRIP,AD
ATRX,XL
ATXN2,AD
AUTS2,AD
AVPR1A,UD
AXIN2,AD
B2M,AR
B4GALNT1,AR
B4GAT1,AR
B9D1,AR
B9D2,AR
BACH2,AD
BAG3,AD
BANF1,AR
BAP1,AD
BARD1,AD
BARD1,AD
BAZ2B,AD
BBS10,AR
BBS9,AR
BCAP31,XL
BCAT2,AR
BCKDHA,AR
BCKDHB,AR
BCL10,AR
BCL11A,AD
BCL9,AD
BCOR,XL
BCORL1,XL
BCS1L,AR
BCS1L,AR
BEST1,AD
BIN1,AD
BLK,AD
BLM,AR
BLNK,AR
BLOC1S5,AR
BLOC1S6,AR
BMP10,AD
BMP10,AD
BMPR1A,AD
BMPR1A,UD
BMPR1B,UD
BMPR2,AD
BMPR2,AD
BOLA3,AR
BPNT2,AR
BPTF,AD
BRAT1,AR
BRAT1,AR
BRCA1,AD
BRCA2,AR
BRCA2,AD
BRD4,AD
BRIP1,AR
BRIP1,AD
BRIP1,AD
BRSK2,AD
BRWD1,AR
BRWD1,AD
BRWD3,XL
BSCL2,AD
BSCL2,AR
BSND,AR
BTD,AR
BTK,XL
BTK,XL
BUB1,AD
BUB1B,AR
C19orf12,AR
C19orf12,AD
C1QBP,AR
C1QTNF5,AD
C2CD3,AR
C3,AD
C3,AD
C9orf72,AD
CA2,AR
CA8,AR
CABP2,AR
CACNA1B,AR
CACNA1C,AD
CACNA1C,AD
CACNA1C,AD
CACNA1E,AD
CACNA1S,AD
CACNA2D1,AD
CACNA2D2,AR
CACNB2,AD
CACNG2,AD
CAD,AR
CALM1,AD
CALM1,AD
CALM2,AD
CALM2,AD
CALM3,AD
CALM3,AD
CAMK2G,AD
CAMLG,AR
CAMTA1,AD
CANT1,AR
CAPN5,AD
CARD11,AD
CARD11,AR
CARD11,AD
CARMIL2,AR
CARS2,AR
CASK,XL
CASP10,AD
CASQ2,AD
CASQ2,AR
CASQ2,AD
CASR,AR
CASR,AD
CASR,AD
CASR,AD
CASZ1,AD
CAT,AR
CAV1,AD
CAV1,AD
CAV2,AD
CAV3,AD
CAV3,AD
CBL,AD
CC2D1A,AR
CC2D2A,AR
CCDC103,AR
CCDC115,AR
CCDC22,XL
CCDC39,AR
CCDC40,AR
CCDC65,AR
CCDC78,AD
CCN6,AR
CCNF,AD
CCNO,AR
CCS,UD
CD19,AR
CD247,AR
CD2AP,AR
CD320,AR
CD3D,AR
CD3E,AR
CD3G,AR
CD40,AR
CD40LG,XL
CD46,SD
CD79A,AR
CD79B,AR
CD81,AR
CD8A,AR
CDC42,AD
CDC45,AR
CDC73,AD
CDCA7,AR
CDH11,AR
CDH11,AD
CDH15,AD
CDH2,AD
CDH2,AD
CDH23,AR
CDH3,AR
CDK16,XL
CDK4,AD
CDK5,AR
CDK5RAP2,AR
CDKL5,XL
CDKN1B,AD
CDKN2A,AD
CDT1,AR
CEACAM16,AR
CEBPA,AD
CEL,AD
CEMIP,AR
CENPE,AR
CENPJ,AR
CEP152,AR
CEP290,AR
CEP57,AR
CERKL,AR
CERS1,AR
CFAP221,AR
CFAP298,AR
CFAP300,AR
CFAP410,SD
CFAP418,AR
CFAP43,AR
CFAP43,UD
CFAP43,AD
CFAP47,XL
CFAP57,AR
CFAP74,AR
CFB,AD
CFB,AD
CFH,AR
CFH,SD
CFI,AD
CFI,AD
CFL2,AR
CHAMP1,AD
CHCHD10,AD
CHCHD10,AD
CHD3,AD
CHD4,AD
CHD7,AD
CHEK2,AD
CHEK2,AD
CHM,XL
CHMP2B,AD
CHN1,AD
CHRD,AR
CHRNA2,AD
CHRNA2,AD
CHRNA4,AD
CHRNA7,UD
CHRNB2,AD
CHRNG,AR
CHUK,AR
CIB2,AR
CIB2,AR
CIITA,AR
CLCN2,AD
CLCN4,XL
CLCN5,XL
CLCN6,AD
CLCN7,AD
CLCN7,AD
CLCN7,AR
CLDN14,AR
CLIC2,XL
CLN3,AR
CLN5,AR
CLN6,AR
CLN8,AR
CLPB,AR
CLPP,AR
CNGA1,AR
CNGA3,AR
CNGB1,AR
CNGB3,AR
CNKSR2,XL
CNNM2,SD
CNNM4,AR
CNOT1,AD
CNOT1,AD
CNOT3,AD
CNTN2,AR
CNTNAP2,AR
COA3,AR
COA8,AR
COCH,AD
COG1,AR
COG2,AR
COG3,AR
COG4,AR
COG7,AR
COL10A1,AD
COL18A1,AR
COL1A1,AD
COL1A1,AD
COL1A1,AD
COL1A1,AD
COL1A1,AD
COL1A1,AD
COL1A1,AD
COL1A1,AD
COL1A2,AD
COL1A2,AD
COL1A2,AD
COL1A2,AD
COL1A2,AD
COL1A2,AR
COL1A2,UD
COL1A2,AD
COL2A1,AD
COL2A1,AD
COL2A1,AD
COL2A1,AD
COL2A1,AD
COL2A1,AD
COL2A1,AD
COL2A1,AD
COL3A1,AD
COL4A3,SD
COL4A4,SD
COL4A5,XL
COL5A1,AD
COL5A2,AD
COL6A1,AD
COL6A1,AR
COL6A2,AD
COL6A2,AR
COL6A3,AD
COL6A3,AR
COL6A3,AR
COL7A1,AR
COL9A2,AR
COMP,AD
COMP,AD
COPG1,AR
COQ2,AR
COQ4,AR
COQ5,AR
COQ8B,AR
COQ9,AR
COQ9,AR
CORO1A,AR
COX10,AR
COX10,AR
COX14,AR
COX15,AR
COX15,AR
COX20,AR
COX4I1,AR
COX6B1,AR
COX8A,AR
CPA6,AD
CPA6,AR
CPAMD8,AR
CPLANE1,AR
CPOX,SD
CPT1A,AR
CPT1B,UD
CPT1C,AD
CPT2,AR
CR2,AR
CRACR2A,AR
CRADD,AR
CRB2,AR
CRBN,AR
CREBBP,AD
CRELD1,AD
CRH,AD
CRIPTO,AD
CRKL,UD
CRX,AD
CRYM,AD
CSDE1,AD
CSF2RB,AR
CSNK2A1,AD
CSNK2B,AD
CSPP1,AR
CSRP1,AD
CSRP3,SD
CSRP3,AD
CSTB,AR
CTCF,AD
CTH,AR
CTLA4,AD
CTNNA1,AD
CTNNA3,AD
CTNNA3,UD
CTNNB1,AD
CTNNBL1,AR
CTNND1,AD
CTNS,AR
CTPS1,AR
CTSD,AR
CTSF,AR
CTSK,AR
CUL3,AD
CUL3,AD
CUL4B,XL
CUX2,AD
CXCR4,AD
CYC1,AR
CYLD,AD
CYLD,AD
CYP11B2,AR
CYP1B1,AR
CYP27A1,AR
CYP2U1,AR
CYP4V2,AR
DAND5,UD
DAO,AD
DARS2,AR
DAW1,AR
DAW1,AR
DBT,AR
DCAF17,AR
DCC,AD
DCDC2,AR
DCHS1,AR
DCHS1,AD
DCLRE1C,AR
DCTN1,AD
DCX,XL
DDB2,AR
DDC,AR
DDHD1,AR
DDR2,AR
DDR2,AD
DDX3X,XL
DDX41,AD
DECR1,UD
DEGS1,AR
DES,AD
DES,AD
DGUOK,AR
DHTKD1,AR
DIAPH1,AD
DIAPH3,AD
DICER1,AD
DIS3L2,AR
DISP1,AD
DKC1,XL
DKC1,XL
DLAT,AR
DLD,AR
DLD,AR
DLG3,XL
DLG4,AD
DLGAP2,AD
DLL1,AD
DMXL2,AD
DNAAF1,AR
DNAAF11,AR
DNAAF2,AR
DNAAF3,AR
DNAAF4,AR
DNAAF5,AR
DNAAF6,XL
DNAH1,AR
DNAH1,AR
DNAH11,AR
DNAH17,AR
DNAH5,AR
DNAH8,AR
DNAH8,AR
DNAH9,AR
DNAI1,AR
DNAI2,AR
DNAJB11,AR
DNAJB2,AR
DNAJC12,AR
DNAJC19,AR
DNAJC7,AD
DNASE1,AD
DNASE1L3,AR
DNM1,AR
DNM1L,AR
DNM1L,AD
DNM1L,AD
DNM2,AD
DNM2,AD
DNMT3A,AD
DNMT3A,AD
DNMT3B,AR
DOCK2,AR
DOCK6,AR
DOCK7,AR
DOCK8,AR
DOLK,AR
DPAGT1,AR
DPF2,AD
DPH1,AR
DPM1,AR
DPM2,AR
DPM3,AR
DPP6,AD
DSC2,AD
DSG2,AD
DSG2,AD
DSP,AD
DSPP,AD
DST,AR
DSTYK,AR
DTNA,AD
DTNA,AD
DTNBP1,AR
DYNC1H1,AD
DYNC2I1,AR
DYRK1A,AD
EARS2,AR
EBF3,AD
EBP,XL
ECHS1,AR
ECHS1,AR
EDEM3,AR
EDN3,AD
EED,AD
EEF1A2,AD
EFEMP1,AD
EFEMP2,AR
EFNB1,XL
EFTUD2,AD
EGFR,AD
EGR2,SD
EHHADH,AD
EHMT1,AD
EIF2AK4,AR
EIF2B2,AR
EIF2B3,AR
EIF2B4,AR
EIF2B5,AR
EIF2S3,AD
EIF3F,AR
ELAC2,AR
ELANE,AD
ELMOD3,AD
ELN,AD
ELP4,AD
EMC1,AR
EMC1,AD
EN2,AD
ENG,AD
ENPP1,AR
ENPP1,AD
ENTPD1,AR
EP300,AD
EPB41L1,AD
EPCAM,AD
EPCAM,AD
EPG5,AR
EPHB2,AR
EPHB4,AD
EPM2A,AR
EPS8,AR
EPS8L2,AR
ERBB4,AD
ERCC2,AR
ERCC3,AR
ERCC4,AR
ERCC5,AR
ERCC6,AR
ERCC8,AR
ERF,AD
ERMARD,AD
ESPN,AR
ESPN,AD
ESRRB,AR
ETFA,AR
ETFDH,AR
ETHE1,AR
ETS1,AD
ETV6,AD
EWSR1,UD
EXO1,AD
EXOC7,AR
EXT1,AD
EXT2,AD
EYA1,AD
EYA4,AD
EYA4,AD
EYS,AR
EZH2,AD
F10,AR
F11,SD
F12,AR
F13A1,AR
F13B,AR
F2,AD
F2,AR
F5,AD
F5,AR
F7,AR
F8,XL
F9,XL
F9,XL
FAAP24,AR
FAM111B,AD
FANCA,AR
FANCB,XL
FANCC,AR
FANCD2,AR
FANCE,AR
FANCF,AR
FANCG,AR
FANCI,AR
FANCL,AR
FAR1,AD
FAR1,AR
FARS2,AR
FASTKD2,AR
FBLN2,AD
FBLN2,AD
FBLN5,AD
FBN1,AD
FBN1,AD
FBXL4,AR
FBXO38,AD
FCHO1,AR
FCSK,AR
FECH,AR
FERMT3,AR
FGA,SD
FGB,SD
FGD1,XL
FGD4,AR
FGF12,AD
FGF3,AR
FGF8,AD
FGFR1,AD
FGFR1,AD
FGFR1,AD
FGFR2,AD
FGFR2,AD
FGFR2,AD
FGFR2,AD
FGFR3,AD
FGFR3,AD
FGFR3,AD
FGFR3,SD
FGFR3,AD
FGFR3,AD
FGFR3,AD
FGFR3,AD
FGG,SD
FHOD3,AD
FIG4,AD
FITM2,AR
FLCN,AD
FLNA,XL
FLNC,AD
FLNC,AD
FLT4,AD
FLVCR1,AR
FMO3,AR
FMO5,AD
FMR1,XL
FN1,AD
FN1,AD
FOXA2,AD
FOXC1,AD
FOXC2,AD
FOXD3,AD
FOXE1,AR
FOXG1,AD
FOXI1,AR
FOXJ1,AD
FOXL1,AD
FOXN1,SD
FOXP1,AD
FOXP1,AD
FOXP2,AD
FOXP3,XL
FOXRED1,AR
FOXRED1,AR
FRAS1,AR
FRMPD4,XL
FRRS1L,AR
FTSJ1,XL
FUCA1,AR
FUS,AD
FUT8,AR
FXN,AR
FXYD2,AD
G6PC1,AR
G6PC3,AR
G6PD,XL
G6PD,XL
GAA,AR
GABBR2,AD
GABRB1,AD
GABRB3,AD
GABRD,AD
GABRD,AD
GABRG2,AD
GAD1,AR
GALC,AR
GALE,AR
GALK1,AR
GALM,AR
GALNS,AR
GALNT2,AR
GALNT3,AR
GAN,AR
GANAB,AD
GARS1,AD
GAS1,AD
GATA1,XL
GATA3,AD
GATA4,AD
GATA6,AD
GATAD2B,AD
GBA1,AD
GCH1,SD
GCK,AD
GCSH,AR
GDAP1,SD
GDF2,AD
GDF2,AD
GEMIN5,AR
GEN1,AD
GFAP,AD
GFI1B,AD
GFM1,AR
GFM2,AR
GFPT1,AR
GGCX,AR
GGCX,AD
GIPC3,AR
GJA1,UD
GJA5,AD
GJB1,XL
GJB2,AR
GJB3,AD
GJB6,AR
GJB6,AD
GK,XL
GLA,XL
GLB1,AR
GLB1,AR
GLE1,AD
GLS,AR
GLUD1,AD
GM2A,AR
GMPPA,AR
GNAI1,AD
GNAO1,AD
GNAT1,AD
GNAT1,AR
GNAT2,AR
GNB4,AD
GNE,AR
GNPTAB,AR
GNPTG,AR
GNS,AR
GOSR2,AR
GP1BA,AR
GP1BA,AD
GP1BB,AR
GP6,AR
GP9,AR
GPAA1,AR
GPC3,XL
GPR179,AR
GPSM2,AR
GPT2,AR
GREM1,AD
GRIA1,AD
GRIA1,AR
GRIA2,AD
GRIA4,AD
GRIK2,AR
GRIK2,AD
GRIN1,AD
GRIN2A,AD
GRIN2B,AD
GRIP1,AR
GRK1,AR
GRM6,AR
GRN,AR
GRN,AD
GRXCR1,AR
GSDME,AD
GSX2,AR
GTPBP2,AR
GTPBP3,AR
GUCY2D,AD
GUCY2D,AR
GYG1,AR
GYS1,AR
GYS2,AR
H1-4,AD
H3-3A,AD
H4C5,AD
HAAO,AR
HACD1,AR
HADH,AR
HADHA,AR
HADHB,AR
HAND1,AD
HARS1,AR
HARS2,AR
HAS2,AD
HBA1,AD
HBA1,AD
HBA1,AD
HBA2,AD
HBA2,AD
HBA2,AR
HBA2,AD
HBB,AR
HBB,AD
HBB,AR
HBB,AD
HBB,AD
HBB,AD
HCFC1,XL
HCN1,AD
HDAC1,AD
HDAC8,XL
HECW2,AD
HECW2,AR
HELLS,AR
HEPACAM,AD
HEPACAM,AR
HEXA,AR
HEXB,AR
HEY1,AD
HEY2,AD
HGSNAT,AR
HGSNAT,AR
HIBADH,AR
HIBCH,AR
HIBCH,AR
HIKESHI,AR
HINT1,AR
HLCS,AR
HMBS,SD
HMGCL,AR
HMGCR,AR
HMGCS2,AR
HMOX1,AR
HMX1,AR
HNF4A,AD
HNRNPH2,XL
HNRNPK,AD
HNRNPR,AD
HNRNPU,AD
HOGA1,AR
HPDL,AR
HPRT1,XL
HPS1,AR
HPS3,AR
HPS4,AR
HPS5,AR
HPS6,AR
HSD11B2,AR
HSD17B10,XL
HSD17B4,AR
HSD17B4,AR
HSD3B7,AR
HSPB1,AD
HSPB8,AD
HSPG2,AR
HSPG2,AR
HTRA2,AR
HTT,AD
HUWE1,XL
HYAL1,AR
HYDIN,AR
HYKK,UD
IARS2,AR
IBA57,AR
ICOS,AR
ICOSLG,AR
ID2,AD
IDH2,AD
IDH3B,AR
IDS,XL
IDUA,AR
IFIH1,AD
IFT122,AR
IFT140,AR
IGBP1,XL
IGF2,AD
IGHM,AR
IGHMBP2,AR
IGKC,AR
IGLL1,AR
IKBKB,AR
IKBKG,XL
IKBKG,XL
IKZF1,AD
IKZF1,AD
IKZF2,SD
IKZF3,AD
IL10RA,AR
IL10RB,AR
IL1RAPL1,XL
IL21,AR
IL21R,AR
IL2RB,AR
IL2RG,XL
IL6R,AR
IL7R,AR
ILDR1,AR
ILK,AD
IMPG2,AR
INF2,AD
INO80,AR
INPP5E,AR
INPP5E,AR
INS,AR
INS,AD
INVS,AR
IQCB1,AR
IQSEC2,XL
IRF2BP2,AD
IRF2BPL,AD
IRF4,AD
IRX4,AD
ISCA2,AR
ISCU,AR
ISL1,AD
ITGA2B,AD
ITGA3,AR
ITGB3,AD
ITK,AR
ITPA,AR
ITPKB,AR
IVD,AR
JAG2,AR
JAK3,AR
JPH2,SD
JPH2,AD
KANSL1,AD
KARS1,AR
KAT6A,AD
KAT6B,AD
KAT6B,AD
KATNAL2,AD
KATNIP,AR
KCNA2,AD
KCNB1,AD
KCNC1,AD
KCNC1,AD
KCNC2,AD
KCNE1,AD
KCNE2,AD
KCNH1,AD
KCNH2,AD
KCNH2,AD
KCNH5,AD
KCNJ10,AD
KCNJ10,AR
KCNJ11,AD
KCNJ16,AR
KCNJ2,UD
KCNJ2,AD
KCNJ2,AD
KCNJ2,AD
KCNJ5,AD
KCNK3,AD
KCNMA1,AD
KCNMA1,AR
KCNQ1,AR
KCNQ1,AD
KCNQ1,AD
KCNQ2,AD
KCNQ2,AD
KCNQ2,AD
KCNQ3,AD
KCNQ3,AR
KCNQ3,AD
KCNQ4,AD
KCNT1,AD
KCNV2,AR
KCTD7,AR
KDM5A,AD
KDM5B,AR
KDM5C,XL
KDM6A,XL
KDM6B,AR
KDM6B,AD
KDR,AD
KDSR,AR
KIDINS220,AD
KIDINS220,AR
KIF11,AD
KIF1A,AD
KIF1B,AD
KIF20A,AR
KIF21A,AD
KIF26A,AR
KIF4A,XL
KIF5A,AD
KIF5A,AD
KIF5C,AD
KIFBP,AR
KIRREL3,AD
KIT,AD
KITLG,AD
KLF13,AD
KLF2,AD
KLHL24,AR
KLHL40,AR
KLK1,AD
KLKB1,AR
KMO,AR
KMT2A,AD
KMT2B,AD
KMT2C,AD
KMT2E,AD
KMT5B,AD
KNG1,AR
KYNU,AR
L1CAM,XL
L2HGDH,AR
LAMA2,AR
LAMA4,AD
LAMC3,AD
LAMP2,XL
LARGE1,AR
LAS1L,XL
LAT,AR
LBR,AR
LBR,AR
LCA5,AR
LCK,AR
LCP2,AR
LDB3,AD
LDB3,AD
LDLR,SD
LDLRAP1,AR
LEFTY2,AD
LGALSL,UD
LGI1,AD
LHFPL5,AR
LIAS,AR
LIFR,AR
LIG4,AR
LIMS2,AR
LINS1,AR
LIPA,AR
LIPT1,AR
LITAF,AD
LMAN1,AR
LMBRD1,AR
LMNA,AD
LMNA,SD
LMNA,AD
LMOD3,AR
LMX1B,AD
LONP1,AR
LOXHD1,AR
LPIN1,AR
LPIN2,AR
LRP12,AD
LRP2,AR
LRP4,AR
LRP4,AR
LRPPRC,AR
LRRC10,AR
LRRC56,AR
LRRC8A,AD
LRRK2,AD
LRSAM1,AD
LTBP2,AR
LYRM7,AR
MAB21L1,AR
MAB21L2,AD
MACF1,AD
MAG,AR
MAGEL2,AD
MAGT1,XL
MALT1,AR
MAML2,UD
MAN1B1,AR
MAN2B1,AR
MAN2B2,AR
MAN2C1,AR
MANBA,AR
MAOA,XL
MAP1B,AD
MAP3K14,AR
MAPK8IP3,AD
MARS1,AD
MARS2,AR
MARVELD2,AR
MAX,AD
MBOAT7,AR
MBTPS1,AR
MBTPS2,XL
MCCC1,AR
MCCC2,AR
MCEE,AR
MCFD2,AR
MCIDAS,AR
MCM10,AR
MCM2,AD
MCM3AP,AR
MCM4,AR
MCOLN1,AR
MCPH1,AR
MECOM,AD
MECP2,XL
MECR,AR
MED13,AD
MED13L,AD
MED13L,AD
MED23,AR
MED25,AR
MED27,AR
MEF2C,AD
MEFV,SD
MEGF10,AR
MEGF8,AR
MEN1,AD
MERTK,AR
MESP1,AD
MET,AD
MET,AD
MFF,AR
MFN2,SD
MFSD8,AR
MGME1,AR
MIB1,AD
MICOS13,AR
MICU1,AR
MICU2,AR
MID1,XL
MIPEP,AR
MITF,AD
MLC1,AR
MLH1,AD
MLH1,AR
MLH1,AD
MLH3,AR
MLYCD,AR
MMAA,AR
MMAB,AR
MMADHC,AR
MME,AR
MNS1,AR
MOCOS,AR
MOCS1,AR
MOCS2,AR
MORC2,AD
MORC2,AD
MPC1,AR
MPI,AR
MPIG6B,AR
MPL,AD
MPST,AR
MPV17,AR
MPZ,AD
MPZL2,AR
MRE11,AD
MRE11,AD
MRPL3,AR
MRPL39,AR
MRPL44,AR
MRPS16,AR
MRPS22,AR
MRPS34,AR
MS4A1,AR
MSH2,AD
MSH2,AR
MSH2,AD
MSH3,AD
MSH6,AR
MSH6,AD
MSH6,AD
MSL3,XL
MSN,XL
MSTO1,AR
MSX1,AD
MSX2,AD
MSX2,AD
MT-ATP6,MT
MT-ATP6,MT
MT-ATP8,MT
MT-CO1,MT
MT-CO1,MT
MT-CO2,MT
MT-CO2,MT
MT-CO3,MT
MT-CO3,MT
MT-CYB,MT
MT-ND1,MT
MT-ND1,MT
MT-ND2,MT
MT-ND2,MT
MT-ND3,MT
MT-ND3,MT
MT-ND4,MT
MT-ND4,MT
MT-ND4L,MT
MT-ND5,MT
MT-ND5,MT
MT-ND6,MT
MT-ND6,MT
MT-RNR1,MT
MT-RNR2,MT
MT-TA,MT
MT-TC,MT
MT-TD,MT
MT-TE,MT
MT-TF,MT
MT-TG,MT
MT-TH,MT
MT-TI,MT
MT-TI,MT
MT-TI,MT
MT-TK,MT
MT-TK,MT
MT-TL1,MT
MT-TL1,MT
MT-TL2,MT
MT-TL2,MT
MT-TM,MT
MT-TN,MT
MT-TP,MT
MT-TQ,MT
MT-TR,MT
MT-TS1,MT
MT-TS2,MT
MT-TT,MT
MT-TV,MT
MT-TV,MT
MT-TW,MT
MT-TW,MT
MT-TY,MT
MTAP,AD
MTFMT,AR
MTHFR,AR
MTM1,XL
MTMR2,AR
MTO1,AR
MTOR,AD
MTPAP,AR
MTR,AR
MTRFR,AR
MTRR,AR
MTX2,AR
MUC1,AD
MUTYH,AR
MUTYH,AD
MUTYH,AR
MUTYH,AR
MUTYH,AD
MUTYH,AD
MYBPC3,AD
MYBPC3,AD
MYBPC3,AD
MYBPC3,AD
MYH10,AD
MYH11,AD
MYH2,AD
MYH2,AR
MYH6,AD
MYH6,AD
MYH6,AD
MYH7,AD
MYH7,AD
MYH7,AD
MYH7,AD
MYH9,AD
MYL2,AD
MYL2,AD
MYL2,AD
MYL3,AD
MYL3,AD
MYL3,AD
MYMK,AR
MYO15A,AR
MYO1A,AD
MYO1C,AD
MYO5A,AR
MYO6,AD
MYO7A,AR
MYO7A,AD
MYOC,AD
MYPN,AR
MYPN,AD
MYPN,AD
MYSM1,AR
MYT1L,AD
NAA10,XL
NAA15,AD
NACC1,AD
NAGA,AR
NARS1,AD
NARS1,AR
NARS2,AR
NAXD,AR
NAXE,AR
NBEA,AD
NBEAL2,AR
NBN,AD
NCAPG2,AR
NCKAP1,AD
NDP,XL
NDUFA1,XL
NDUFA10,AR
NDUFA10,AR
NDUFA11,AR
NDUFA12,AR
NDUFA13,AR
NDUFA2,AR
NDUFA2,AR
NDUFA4,AR
NDUFA8,AR
NDUFA9,AR
NDUFAF1,AR
NDUFAF2,AR
NDUFAF2,AR
NDUFAF3,AR
NDUFAF4,AR
NDUFAF4,AR
NDUFAF5,AR
NDUFAF5,AR
NDUFAF6,AR
NDUFAF8,AR
NDUFB10,AR
NDUFB11,XL
NDUFB3,AR
NDUFB8,AR
NDUFC2,AR
NDUFC2,AR
NDUFS1,AR
NDUFS1,AR
NDUFS2,AR
NDUFS2,AR
NDUFS3,AR
NDUFS4,AR
NDUFS4,AR
NDUFS6,AR
NDUFS7,AR
NDUFS8,AR
NDUFS8,AR
NDUFV1,AR
NDUFV2,AR
NDUFV2,AR
NEB,AR
NEBL,AD
NECAP1,AR
NEDD4L,AD
NEFH,AD
NEFH,AD
NEFL,AR
NEFL,AD
NEK1,AD
NEK8,AR
NEMF,AR
NEUROD1,AD
NEUROD1,AR
NEXMIF,XL
NEXN,AD
NF2,AD
NFATC1,AD
NFATC2,AD
NFIA,AD
NFIB,AD
NFIX,AD
NFIX,AD
NFKB2,AD
NFU1,AR
NGF,AR
NGLY1,AR
NHEJ1,AR
NHLRC1,AR
NHS,XL
NKX2-5,AD
NKX2-6,AR
NME5,AR
NME8,AR
NMNAT1,AR
NOD2,AD
NOG,AD
NONO,XL
NOTCH3,AD
NPHP1,AR
NPHP3,AR
NPHP4,AR
NPHS1,AR
NPPA,AR
NPRL2,AD
NPRL3,AD
NPTX1,AD
NR2F1,AD
NR2F2,AD
NR3C2,AD
NR3C2,AD
NR4A2,AD
NRP1,AR
NRROS,AR
NRXN1,AD
NSD1,AD
NSD2,AD
NSMCE3,AR
NSUN2,AR
NT5C2,AR
NTF4,AD
NTHL1,AR
NTNG1,AD
NTRK1,AR
NTRK3,AD
NUBPL,AR
NUP133,AR
NUP50,AD
NUP62,AR
NYX,XL
OBSCN,AD
OCA2,AR
OCRL,XL
ODAD1,AR
ODAD2,AR
ODAD3,AR
ODAD4,AR
OFD1,XL
OPA1,AR
OPA1,SD
OPA3,AD
OPHN1,XL
OPTN,SD
OPTN,AD
ORAI1,AD
ORC4,AR
ORC6,AR
OSBPL2,AD
OSR1,AD
OSTM1,AR
OTC,XL
OTOA,AR
OTOG,AR
OTOGL,AR
OTUD5,XL
OTUD6B,AR
P2RY12,AR
P2RY12,AD
PACS1,AD
PACS2,AD
PAH,AR
PAK3,XL
PALB2,AR
PALB2,AD
PARK7,AR
PARN,SD
PARS2,AR
PAX1,AR
PAX2,AD
PAX3,AD
PAX4,AD
PAX5,AR
PAX6,AD
PBX1,AD
PCARE,AR
PCBD1,AR
PCCA,AR
PCCB,AR
PCDH15,AR
PCGF2,AD
PCNT,AR
PCSK6,UD
PCSK9,AD
PCYT1A,AR
PDGFD,AD
PDGFRA,AD
PDGFRA,AD
PDHA1,XL
PDHB,AR
PDHX,AR
PDK3,XL
PDLIM3,AD
PDSS2,AR
PDX1,AD
PDX1,AR
PET100,AR
PET117,AR
PEX10,AR
PEX11A,AR
PEX11B,AR
PEX11G,AR
PEX12,AR
PEX13,AR
PEX14,AR
PEX16,AR
PEX2,AR
PEX26,AR
PEX3,AR
PEX5,AR
PEX6,AR
PEX7,AR
PFN1,AD
PGM1,AR
PHF21A,AD
PHF6,XL
PHF8,XL
PHIP,AD
PHKB,AR
PHKG2,AR
PHOX2B,AD
PHOX2B,AD
PHYH,AR
PIBF1,AR
PIDD1,AR
PIEZO1,AD
PIEZO1,AR
PIGF,AR
PIGL,AR
PIGO,AR
PIGP,AR
PIGU,AR
PIK3CA,AD
PIK3CA,AD
PIK3CD,AR
PIK3CD,AD
PIK3CG,AR
PIK3R1,AR
PIK3R2,AD
PINK1,AR
PJVK,AR
PKD1,AR
PKHD1,AR
PKLR,AR
PKP2,AD
PKP2,AD
PKP2,AD
PLA2G6,AR
PLAT,AD
PLCB1,AR
PLCB4,AD
PLCB4,AR
PLCE1,AR
PLEKHG5,AR
PLEKHM1,AD
PLEKHM1,AR
PLEKHM2,AR
PLG,AR
PLN,AD
PLN,AD
PLP1,XL
PMM2,AR
PMM2,AR
PMP2,AD
PMP22,AD
PMP22,AD
PMPCA,AR
PMS1,AD
PMS2,AD
PMS2,AD
PNKP,AR
PNPLA2,AR
PNPLA6,AR
PNPO,AR
PNPT1,AR
POGZ,AD
POLD1,AR
POLD1,AD
POLD2,AR
POLE,AD
POLG,AR
POLH,AR
POLR1C,AR
POLR3A,AR
POR,AR
PORCN,XL
POU2AF1,AR
POU3F3,AD
POU3F4,XL
POU4F3,AD
PPARG,SD
PPM1D,AD
PPOX,SD
PPP1R12A,AD
PPP1R21,AR
PPP2R1A,AD
PQBP1,XL
PRDM16,AD
PRF1,AR
PRG4,AR
PRICKLE1,AD
PRICKLE1,AR
PRICKLE2,AD
PRKACG,AR
PRKAG2,AD
PRKAR1A,AD
PRKCSH,AD
PRKD1,AD
PRKD1,AR
PRKDC,AR
PRKN,AR
PROC,SD
PRODH,AR
PROK2,SD
PROKR2,AD
PROX1,AD
PRPF31,AD
PRPF4,AD
PRPH,AD
PRPS1,XL
PRPS1,XL
PRR12,AD
PRRT2,AD
PRSS1,AD
PRSS12,AR
PRX,AR
PSAP,AR
PSAP,AR
PSAP,AR
PSAP,AR
PSEN1,AD
PSEN2,AD
PSMD12,AD
PTCD3,AR
PTCH1,AD
PTCH2,AD
PTCHD1,XL
PTEN,AD
PTGS1,SD
PTPRC,AR
PTPRJ,AD
PUF60,AD
PURA,AD
PUS1,AR
PXDN,AR
PYCR1,AR
PYGL,AR
PYROXD1,AR
QARS1,AR
QDPR,AR
QRICH1,AD
RAB18,AR
RAB23,AR
RAB28,AR
RAB3GAP1,AR
RAB3GAP2,AR
RAB40AL,XL
RAB7A,AD
RAC1,AD
RAC2,AR
RAC2,AD
RAC2,AD
RAD21,AD
RAD50,AD
RAD50,AD
RAD51C,AD
RAD51C,AR
RAD51D,AD
RAG1,AR
RAG2,AR
RAI1,AD
RAI2,AD
RALA,AD
RANBP2,AD
RANBP2,AD
RAP1B,AD
RARB,AD
RARS2,AR
RASGRP2,AR
RB1,AD
RBFOX2,AD
RBM20,AD
RBM20,AD
RBM8A,AR
RCBTB1,AR
RD3,AR
RDH12,AR
RDH5,AR
RDX,AR
RECQL,AD
RECQL4,AR
REEP6,AR
REL,AR
RELA,AD
RELB,AR
RELN,AR
REN,AR
REN,AD
RERE,AD
RET,AD
RET,AD
RETREG1,AR
RFC1,AR
RFT1,AR
RFX3,AD
RFX5,AR
RFX6,AD
RFXANK,AR
RFXAP,AR
RGS9,AR
RHBDF2,AD
RHOBTB2,AD
RHOBTB2,AR
RHOH,AR
RIN2,AR
RINT1,AD
RIPOR2,AD
RLBP1,AR
RMND1,AR
RMRP,AR
RNASEH1,AR
RNASEH2A,AR
RNASEH2C,AR
RNF168,AR
RNF40,AD
RNF43,AD
RNU4ATAC,AR
ROBO1,AR
ROBO1,AD
ROBO3,AR
ROCK2,AD
ROGDI,AR
RP1,SD
RP1,AR
RP2,XL
RPE65,AR
RPE65,AD
RPGR,XL
RPGRIP1L,AR
RPL5,AD
RPS19,AD
RPS20,AD
RPS6KA3,XL
RPS6KB1,AD
RS1,XL
RSPH1,AR
RSPH3,AR
RSPH4A,AR
RTTN,AR
RUNX1,AD
RXYLT1,AR
RYR1,AD
RYR1,AR
RYR1,AD
RYR2,AD
RYR2,AD
RYR3,AR
SAMHD1,AR
SARS1,AR
SARS2,AR
SATB1,AD
SATB2,AD
SBF2,AR
SCARB2,AR
SCN11A,AD
SCN1A,AD
SCN1B,AD
SCN1B,AR
SCN2A,AD
SCN3A,AD
SCN4A,AR
SCN4B,AD
SCN5A,AD
SCN5A,AD
SCN5A,AD
SCN5A,AD
SCN5A,AD
SCN8A,AD
SCNN1A,AR
SCNN1G,AD
SCO1,AR
SCO2,AR
SDCCAG8,AR
SDHA,AD
SDHA,AR
SDHAF1,AR
SDHAF1,AR
SDHAF2,AD
SDHB,AR
SDHB,AD
SDHC,AD
SDHC,UD
SDHD,AR
SDHD,AD
SEC23B,AR
SEC61A1,AD
SEC61B,AD
SEC63,AD
SELENON,AR
SEMA4A,AD
SEPTIN9,AD
SERAC1,AR
SERPINC1,SD
SERPIND1,AD
SERPINF2,AR
SERPING1,AD
SERPINI1,AD
SET,AD
SETBP1,AD
SETBP1,AD
SETD1B,AD
SETD2,AD
SETD2,AD
SETD5,AD
SETX,AD
SF3B4,AD
SFTPA2,AD
SFTPB,AR
SFXN4,AR
SGCD,AD
SGSH,AR
SH3KBP1,XL
SH3PXD2B,AR
SH3TC2,AR
SHANK1,AD
SHANK2,AD
SHANK3,AD
SHROOM4,XL
SIL1,AR
SIN3A,AD
SIX1,AD
SIX5,AD
SKIC2,AR
SKIC3,AR
SLC12A5,AR
SLC12A7,UD
SLC16A2,XL
SLC17A5,AR
SLC18A2,AR
SLC19A3,AR
SLC1A2,AD
SLC1A3,AD
SLC1A4,AR
SLC22A5,AR
SLC22A5,AR
SLC24A1,AR
SLC25A1,AR
SLC25A10,AR
SLC25A12,AR
SLC25A13,AR
SLC25A19,AR
SLC25A20,AR
SLC25A22,AR
SLC25A26,AR
SLC25A3,AR
SLC25A4,AD
SLC25A46,AR
SLC25A46,AR
SLC26A2,AR
SLC26A2,AR
SLC26A2,AR
SLC26A4,AR
SLC29A3,AR
SLC2A1,AD
SLC2A10,AR
SLC34A1,AR
SLC34A1,AR
SLC35A2,XL
SLC38A8,AR
SLC38A9,UD
SLC39A7,AR
SLC39A8,AR
SLC41A1,AR
SLC4A3,AD
SLC5A7,AD
SLC6A19,AR
SLC6A3,AR
SLC6A6,AR
SLC7A5,AR
SLC7A7,AR
SLC9A6,XL
SLC9A9,AD
SLFN14,AD
SLITRK6,AR
SLX4,AD
SLX4,AR
SMAD1,AD
SMAD1,AD
SMAD2,AD
SMAD4,AD
SMAD4,AD
SMAD4,AD
SMAD7,AD
SMAD9,AD
SMARCA1,XL
SMARCA2,AD
SMARCA4,AD
SMARCA4,AD
SMARCAL1,AR
SMARCB1,AD
SMARCC1,AD
SMARCC2,AD
SMARCE1,AD
SMC3,AD
SMCHD1,AD
SMG8,AR
SMO,AR
SMPX,XL
SMS,XL
SNAI1,AD
SNAP25,AD
SNCA,AD
SNRNP200,AD
SNTA1,AD
SNX10,AR
SNX14,AR
SOBP,AR
SOD1,AD
SORD,AR
SOX10,AD
SOX17,AD
SOX3,XL
SOX5,AD
SOX6,AD
SOX7,AD
SOX9,AD
SOX9,AD
SP110,AR
SPAG1,AR
SPART,AR
SPATA13,AD
SPATA7,AR
SPEG,AR
SPEN,AD
SPG11,AR
SPR,AR
SPRED1,AD
SPTBN1,AD
SPTBN4,AR
SPTLC2,AD
SPTLC2,AD
SQOR,AR
SQSTM1,AD
SRCAP,AD
SRD5A3,AR
SRF,AD
SS18L1,AD
SSBP1,AD
SSBP1,AD
ST3GAL3,AR
ST3GAL5,AR
STAG1,AD
STAT1,AR
STAT1,AD
STAT3,AD
STAT3,AD
STAT6,AD
STIL,AR
STIM1,AD
STK11,AD
STK4,AR
STRC,AR
STX11,AR
STX1B,AD
STXBP2,AR
SUCLA2,AR
SUCLG1,AR
SUFU,AD
SUFU,AR
SUOX,AR
SURF1,AR
SYNE4,AR
SYNGAP1,AD
SYNJ1,AR
SYP,XL
SYT2,AD
SZT2,AR
TACO1,AR
TAF15,AD
TAFAZZIN,XL
TANC2,AD
TAOK1,AD
TAP1,AR
TAP2,AR
TAPBP,AR
TARDBP,AD
TARS2,AR
TBC1D24,AR
TBC1D8B,XL
TBCK,AR
TBK1,AD
TBL1XR1,AD
TBR1,AD
TBX20,AD
TBX20,AD
TBX4,AD
TBX5,AD
TBXA2R,AD
TBXAS1,AR
TCAP,AD
TCAP,AD
TCF12,AD
TCF20,AD
TCF21,UD
TCF3,SD
TCF4,AD
TCF7L2,AD
TCIRG1,AR
TCIRG1,AR
TCOF1,AD
TCTN2,AR
TCTN3,AR
TECRL,AR
TECTA,AR
TECTA,AD
TEK,AD
TELO2,AR
TERC,AD
TERT,SD
TET3,AR
TET3,AD
TFE3,XL
TGFB1,AR
TGFB3,AD
TGFBR1,AD
TGFBR1,AD
TGFBR2,AD
THAP11,AR
THBD,AD
THOC6,AR
THPO,SD
TIA1,AD
TIMM50,AR
TIMM8A,XL
TIMMDC1,AR
TIMP3,AD
TJP1,AD
TK2,AR
TLL1,AD
TMC1,AD
TMEM126B,AR
TMEM127,AD
TMEM132E,AR
TMEM138,AR
TMEM216,AR
TMEM231,AR
TMEM237,AR
TMEM43,AD
TMEM67,AR
TMEM70,AR
TMEM94,AR
TMIE,AR
TMLHE,XL
TMPRSS3,AR
TNFRSF13B,AR
TNFRSF13C,AR
TNFRSF4,AR
TNFSF12,AD
TNFSF13,AR
TNNC1,AD
TNNC1,AD
TNNC1,AD
TNNC2,AD
TNNI3,AD
TNNI3,AD
TNNI3,AD
TNNI3K,AD
TNNT1,AR
TNNT2,AD
TNNT2,AD
TNNT2,AD
TNRC6B,AD
TOP2B,AD
TOPBP1,AD
TP53BP2,AD
TP73,AR
TPK1,AR
TPM1,AD
TPM1,AD
TPM1,AD
TPM2,AD
TPM3,AD
TPM3,AR
TPP1,AR
TPRN,AR
TRAC,AR
TRAF3,AD
TRAF7,AD
TRAPPC4,AR
TRAPPC9,AR
TRDN,AR
TRDN,AR
TREX1,AR
TRIM37,AR
TRIM44,AD
TRIM8,AD
TRIO,AD
TRIP11,AR
TRIP12,AD
TRIT1,AR
TRMT10C,AR
TRMT5,AR
TRMU,AR
TRNT1,AR
TRPM1,AR
TRPM3,AD
TRPM7,AD
TRPV4,AD
TRPV4,AD
TRRAP,AD
TSC1,AD
TSC2,AD
TSFM,AR
TSFM,AR
TSPAN7,XL
TTC19,AR
TTC21B,AR
TTC7A,AR
TTN,AD
TTN,AD
TTN,AD
TTN,AD
TTR,AD
TUBA1A,AD
TUBA4A,AD
TUBA8,AR
TUBB1,AD
TUBB2A,AD
TUBB2B,AD
TUBB3,AD
TUBB4A,AD
TUBG1,AD
TUBGCP6,AR
TUFM,AR
TULP3,AR
TWIST1,AD
TWIST1,AD
TWIST1,AD
TXNL4A,AR
TYMP,AR
TYR,AR
UBA2,AD
UBE2A,XL
UBE3A,AD
UBE3B,AR
UBQLN2,XL
UBTF,AD
UGDH,AD
UMOD,AD
UNC13A,UD
UNC13D,AR
UNC80,AR
UNG,AR
UPK3A,AD
UQCRC2,AR
UQCRQ,AR
UROD,SD
UROS,AR
USH1C,AR
USH1G,AR
USP27X,XL
USP34,AD
USP7,AD
USP9X,XL
VAPB,AD
VARS1,AR
VARS2,AR
VCAN,AD
VCL,AD
VCL,AD
VCP,AD
VEGFA,AD
VHL,AD
VIPAS39,AR
VKORC1,AR
VLDLR,AR
VPS13B,AR
VPS13D,AR
VPS33A,AR
VPS33B,AR
VPS35,AD
VWF,AD
VWF,AD
WAC,AD
WARS1,AD
WARS2,AR
WAS,XL
WAS,XL
WASHC5,AR
WBP2,AR
WDFY3,AD
WDR19,AR
WDR26,AD
WDR36,AD
WDR5,AD
WDR62,AR
WDR72,AR
WFS1,AD
WFS1,AR
WIPF1,AR
WNK1,AR
WNT10A,SD
WRN,AR
WT1,AD
WT1,AD
WWOX,AR
XPA,AR
XPC,AR
XRCC2,AR
XRCC2,AD
YARS1,AD
YIF1B,AR
ZAP70,AR
ZBTB18,AD
ZBTB20,AD
ZC3H14,AR
ZC4H2,XL
ZCCHC8,AD
ZDHHC15,XL
ZDHHC9,XL
ZEB2,AD
ZFPM1,AD
ZFYVE27,AD
ZIC1,AD
ZMIZ1,AD
ZMPSTE24,AR
ZMPSTE24,AR
ZMYND10,AR
ZMYND11,AD
ZNF143,AR
ZNF341,AR
ZNF41,XL
ZNF462,AD
ZNF674,XL
SLC39A13,AR
SLC39A4,AR
GDAP2,AR
PIGB,AR
CYB5A,AR
CYB5R3,AR
ACTA2,AD
ALMS1,AR
ANK2,AD
ATF6,AR
BAG3,AD
BGN,AD
C1QB,AR
CACNA1C,AD
CACNA2D1,AD
CACNB2,AD
CDH1,AD
CDH23,AR
CDKN1B,AR
CEP78,AR
CHD1L,AD
CHEK1,AD
CHEK1,AD
CHEK2,AD
CLRN1,AR
COL2A1,AD
COL9A1,AR
CTNNA1,AD
DNMT1,AD
EPHX1,AD
FAN1,AD
FBN1,AD
FBN2,AD
FLNA,XL
FOXE3,AD
GALNT12,AD
GEN1,AD
GPD1L,AD
HCN4,AD
KCNA2,AD
KCND3,AD
KCNE3,AD
KCNE5,AD
KCNH2,AD
KCNJ8,AD
LAMB1,AR
LOX,AD
LRTOMT,AR
MAT2A,AD
MCPH1,AD
MCPH1,AD
MFAP5,AD
MYH11,AD
MYL2,AD
MYLK,AD
MYO9A,AR
NF1,AD
NFKBIZ,AD
NHP2,AR
NOTCH1,AD
OTOF,AR
PCDH15,AR
PDZD7,AR
PIK3CA,AD
PKP2,AD
PRKG1,AD
PSD3,AD
PTPRQ,AR
RANGRF,AD
RECQL,AD
RINT1,AD
RPS10,AD
RPS24,AD
S1PR2,AR
SCN10A,AD
SCN1B,AD
SCN2B,AD
SCN3B,AD
SCN5A,AD
SLC25A4,AR
SLMAP,AD
SLX4,AD
SMAD3,AD
SMAD3,AD
SMARCA4,AD
STK11,AD
TGFB2,AD
TGFB3,AD
TGFBR1,AD
TGFBR2,AD
TMC1,AR
TMPO,AD
TRIOBP,AR
TRPM4,AD
USH1C,AR
USH1G,AR
USH2A,AR
VPS8,AR
WHRN,AR
WRAP53,AR
XRCC2,AD
XRCC4,AD
COG5,AR
CLDN16,AR
DAAM2,AR
SFTPC,AD
PTPRJ,AR
KDM3B,AD
FANCM,AD
ATM,AD
BLM,AD
SLC35D1,AR
COG6,AR
STAT1,AD
MED12,XL
A2ML1,AD
AASS,AR
ACTN2,AD
ACVRL1,AD
AGPS,AR
ALDH4A1,AR
ALDH6A1,AR
ALDH7A1,AR
ALG13,XL
ALK,AD
AMT,AR
AP3D1,AR
APOB,AD
ARG1,AR
ARHGEF6,XL
ARX,XL
ASL,AR
ASNS,AR
ASS1,AR
AUH,AR
BCKDK,AR
BDP1,AR
BRAF,AD
BRAF,AD
BRAF,AD
BRAF,AD
BRCA1,AR
BTD,AR
CA5A,AR
CACNB2,AD
CACNB4,AD
CBS,AR
CEACAM16,AD
CHD8,AD
CNTNAP2,AD
COL11A2,AD
COL11A2,AR
COL4A6,XL
CPS1,AR
DCDC2,AR
DEPDC5,AD
DIABLO,AD
DMGDH,AR
DSP,AD
EDN3,AR
EDNRB,AD
ELMOD3,AR
ENG,AD
ETFB,AR
FAH,AR
FH,AD
FLAD1,AR
FOLR1,AR
FOXI1,AR
GAMT,AR
GATA2,AD
GATM,AR
GCDH,AR
GJA1,AD
GLDC,AR
GNAO1,AD
GNMT,AR
GNPAT,AR
GRHL2,AD
GRIA3,XL
GRIN1,AR
GRIN2D,AD
GRXCR2,AR
GSS,AR
HGD,AR
HNF1A,AD
HNF1B,AD
HOMER2,AD
HOXA1,AR
HPD,AR
HRAS,AD
HRAS,AD
ITGA2B,AR
ITGB3,AR
KCNQ1,AD
KLF10,AD
KLF11,AD
KRAS,AD
KRAS,AD
KRAS,AD
LZTR1,AD
MAP2K1,AD
MAP2K1,AD
MAP2K1,AD
MAP2K1,AD
MAP2K2,AD
MAP2K2,AD
MAT1A,AR
MBD5,AD
MET,AR
MIR96,AD
MMACHC,AR
MMUT,AR
MRAS,AD
MSRB3,AR
MYH14,AD
MYLK2,AD
MYO18B,AR
MYOM1,AD
MYOZ2,AD
NADK2,AR
NAGS,AR
NARS2,AR
NBN,AR
NEXN,AD
NF1,AD
NLGN3,XL
NLGN4X,XL
NRAS,AD
NRAS,AD
NRAS,AD
NRAS,AD
NSDHL,XL
OAT,AR
OBSCN,AD
P2RX2,AD
PCDH19,XL
PDLIM3,AD
PEX1,AR
PEX19,AR
PKD1,AD
PMS2,AR
PPP1CB,AD
PRODH2,AR
PSAT1,AR
PTPN11,AD
PTPN11,AD
PTPN11,AD
PTPN11,AD
PTS,AR
RAB39B,XL
RAF1,AD
RAF1,AD
RAF1,AD
RAF1,AD
RASA1,AD
RASA2,AD
RIT1,AD
RRAS,AD
RYR3,AD
SARDH,AR
SBDS,AR
SCN1A,AD
SCN1A,AD
SCN1A,AD
SCN9A,AD
SERPINB6,AR
SHOC2,AD
SHOC2,AD
SHOC2,AD
SHOC2,AD
SLC1A1,AR
SLC25A15,AR
SLC26A2,AR
SLC26A5,AR
SLC3A1,AR
SLC44A4,AD
SLC52A2,AR
SLC52A3,AR
SLC6A4,AD
SLC6A8,XL
SLC7A9,AR
SMC1A,XL
SOS1,AD
SOS1,AD
SOS1,AD
SOS2,AD
SPTAN1,AD
STAC3,AR
STXBP1,AD
TAT,AR
TH,AR
TJP2,AD
TMTC2,AD
TNC,AD
TRIM63,AD
TTN,AD
TUSC3,AR
UPF3B,XL
WDR45,XL
ZNF292,AD
ZNF711,XL
ZNF81,XL
ABCC4,AR
ACADL,AR
ACBD5,AR
ACOX2,AR
ACTB,AD
AHCY,AR
AICDA,AR
AICDA,AD
AIPL1,AR
ANK3,AR
ANO5,AR
AP4E1,AR
ARHGEF9,XL
ARL2BP,AR
ARSL,XL
ATP1A2,AD
ATP6AP1,XL
B4GALT7,AR
BAAT,AR
BBS1,AR
BBS12,AR
BBS2,AR
BBS4,AR
BBS5,AR
BBS7,AR
BIN1,AR
BVES,AR
CACNA1D,AR
CACNA1F,XL
CACNA2D4,AR
CALR3,AD
CAPN3,AD
CAPN3,AR
CCDC32,AR
CCDC50,AD
CCNQ,XL
CD164,AD
CD2AP,AD
CDAN1,AR
CDC14A,AR
CDH1,AD
CHD2,AD
CISD2,AR
CNTN6,AD
COA7,AR
COL11A2,AD
COL11A2,AR
COL2A1,AD
COL9A3,AR
CRPPA,AR
CSTB,AR
CTF1,AD
CTSA,AR
CYS1,AR
DAG1,AR
DHCR7,AR
DHDDS,AR
DIAPH1,AR
DMD,XL
DNAJB11,AD
DNAJB6,AD
DNM1,AD
DYNC2H1,AR
DYSF,AR
DZIP1L,AR
EDNRB,AR
EFEMP1,AD
EFHC1,AD
ELOVL4,AD
EXOC2,AR
F12,AD
FIG4,AR
FKRP,AR
FKTN,AR
FLI1,AD
FLT4,AD
FNIP1,AR
FYB1,AR
FZD4,AD
GABRA1,AD
GAS2L2,AR
GATAD1,AR
GBA1,AR
GBE1,AR
GDI1,XL
GJB3,AD
GLIS2,AR
GLS,AD
GLUL,AR
GMNN,AD
GMPPB,AR
GPHN,AR
GPR143,XL
GSTZ1,AR
GUSB,AR
HAL,AR
HAND2,AD
HGF,AR
HNRNPA2B1,AD
HOXA11,AD
HPD,AD
HRG,AD
IFT140,AD
IFT80,AR
IKZF5,AD
IL11RA,AR
IMPDH1,AD
IMPG1,AD
IMPG1,AR
KCNA1,AD
KDM4B,AD
KIZ,AR
KLHL41,AR
LARS2,AR
LRBA,AR
LRP5,AR
LYST,AR
LZTFL1,AR
LZTR1,AR
MAGI2,AD
MAK,AR
MAP3K20,AR
MAPKBP1,AR
MATR3,AD
MCAT,AR
MED12L,AD
MEIS2,AD
MFF,AR
MKKS,AR
MLH3,AD
MOGS,AR
MPL,AR
MRPS28,AR
MSH3,AR
MYH7,AD
MYO1F,AD
MYO3A,AR
NAGLU,AR
NAT8L,AR
NEK10,AR
NIPBL,AD
NKX2-1,AD
NPC1,AR
NPC2,AR
NSUN2,AR
OGT,XL
OTUD7A,AR
PAX7,AR
PDE6A,AR
PDE6C,AR
PDE6G,AR
PDHX,AR
PGAP3,AR
PHYKPL,AR
PIGA,XL
PIGN,AR
PISD,AR
PKD2,AD
PLA2G4A,AR
PLAU,AD
PLEC,AR
PNPLA6,AR
POGLUT1,AR
POLR2A,AD
POMGNT1,AR
POMGNT2,AR
POMT1,AR
POMT2,AR
POPDC3,AR
PPM1K,AR
PPT1,AR
PROM1,AR
PROS1,SD
PRPF8,AD
PRPH2,SD
PSPH,AR
RAB27A,AR
RDH12,AD
RELN,AD
RIPOR2,AR
RNASEH2B,AR
RNF31,AR
ROR1,AR
RORB,AD
RPL10,XL
RRAS2,AD
RSPH9,AR
RXRA,UD
RYR2,AD
SASH3,XL
SBF1,AR
SERPINE1,AR
SGCA,AR
SGCB,AR
SGCD,AR
SGCG,AR
SHMT2,AR
SIK1,AD
SKI,AD
SLC17A8,AD
SLC36A2,AR
SLC52A1,AD
SNAI2,AR
SON,AD
SOX9,AD
SRC,AD
SRPX2,XL
STK36,AR
SUGCT,AR
SURF1,AR
SYN1,XL
TBC1D24,AD
TCAP,AR
TDO2,AR
TECR,AR
TFAP2B,AD
THBD,AD
THBD,AR
THPO,AD
TIMMDC1,AR
TMEM126A,AR
TMPO,AD
TNFSF11,AR
TNPO3,AD
TOPORS,AD
TP53,AD
TPM4,AD
TRAPPC11,AR
TRAPPC6B,AR
TRIM32,AR
TRIM32,AR
TRIM63,AR
TSHZ1,AD
TSPAN12,SD
TSPEAR,AR
TTC8,AR
TTLL5,AR
TTN,AR
UROC1,AR
USP44,AD
WASHC5,AD
WDPCP,AR
WDR37,AD
WHRN,AR
WNT5A,AD
XPNPEP3,AR
EARS2,AR
MRPS25,AR
PRORP,AR
TRMU,AR
NDUFS7,AR
GNB1,AD
EMX2,AD
NUBPL,AR
COX6A1,AR
COX6A2,AR
COX8A,AR
COX4I1,AR
COX4I2,AR
TTC19,AR
ALAD,AR
TMEM126A,AR
TMEM65,AR
YME1L1,AR
CAVIN1,AR
TBX22,XL
TP63,AD
ALPK3,AD
SLC4A10,AR
POLD1,AD
SELENBP1,AR
GLT8D1,AD
GABRB2,AD
KBTBD13,AD
FA2H,AR
ADGRG1,AR
SPI1,AD
AKT1,AD
MBD4,AR
MDM4,AD
SFTPA1,AD
ESCO2,AR
GBA2,AR
HYOU1,AR
HNRNPDL,AD
TRAF3IP1,AR
CEP104,AR
BCL11B,AD
SMARCB1,AD
ATP5MK,AR
CYCS,AD
NSRP1,AR
TNR,AR
KCNC3,AD
LRPPRC,AR
TACO1,AR
IL2RA,AR
DDOST,AR
GTPBP3,AR
CD70,AR
WDR35,AR
WDR35,AR
FASLG,AR
NFKBIA,AD
ARFGEF2,AR
SCN5A,AD
ZNF423,AR
EIF2B1,AR
C1GALT1C1,XL
PPP2R5D,AD
ASPM,AR
PDCD1,AR
KIAA1549,AR
POC1B,AR
RP9,AD
IFT74,AR
GAS8,AR
SMPD1,AR
SPEF2,AR
SOCS1,AD
TINF2,AD
RHO,SD
PIGW,AR
AIMP1,AR
MYL1,AR
TNNT3,AR
DOK7,AR
CDC14A,AR
SEMA6B,AD
PIGC,AR
DHX30,AD
NDUFAF6,AR
MTRFR,AR
ARPP21,AD
SAT1,XL
SUMF1,AR
PRKCD,AR
IL10,AR
CHD1,AD
DEF6,AR
SGPL1,AR
NEB,AD
GJC2,AR
CNTNAP5,AD
NNT,AR
HYCC1,AR
FBXL4,AR
TET2,AD
PHGDH,AR
LIPT2,AR
TLR7,XL
TLR5,UD
JAK1,AD
PRIMA1,AR
GLUL,AD
ABCC8,AD
FANCM,AR
TFRC,AR
PDE6B,AR
MASTL,AD
TNNT1,AD
NRL,AD
IFT27,AR
TXNDC15,AR
NKX2-5,AD
PIGM,AR
RECQL4,AD
SAMD9,AR
MVK,AR
PRPF3,AD
CD28,AR
CEP164,AR
CHAT,AR
TUBA4A,AD
SLC30A2,AD
SLC30A9,AR
HEPHL1,AR
PIGQ,AR
PYGM,AR
DNAL1,AR
DNAH6,AR
DNAH6,AR
CYP7B1,AR
YME1L1,AR
TTC12,AR
COLGALT1,AR
DRC1,AR
RBFOX3,AD
MGAT2,AR
NAF1,AD
B3GALT6,AR
BLOC1S3,AR
CITED2,AD
MKS1,AR
CDC6,AR
DDX11,AR
KCNK4,AD
EMG1,AR
NSMCE2,AR
ANO5,AD
DYNC2I2,AR
IFT52,AR
GREM2,AD
CD96,AD
CNTN4,AD
PCNA,AR
PIK3R5,AR
KMT2D,AD
ABCC9,AD
NEK8,AD
APOA4,AD
NOTCH2,AD
NEU1,AR
ALG10,AR
FAM20B,AR
NFKB1,AD
BLVRA,AR
USP25,AD
PEPD,AR
ITPR1,AD
ITPR1,AR
TNFRSF9,AR
ANKZF1,UD
ITPR1,AD
DNAH7,AR
DNAH10,AR
DNAH10,AR
ALG8,AD
SIRT1,AD
CIC,AD
PRIM1,AR
RFX7,AD
FANCM,AR
LMX1A,AD
CLXN,AR
CNOT9,AD
HBA1,AR
RASGRP1,AR
FAAH2,XL
ZFX,XL
CDK13,AD
ACO2,SD